Designator,Val,Package,Mid X,Mid Y,Rotation,Layer
"Q1","ME2306A","SOT-23_L2.9-W1.3-P1.90-LS2.4-BR",41.3396,18.6196,180,top
"Q2","ME2306A","SOT-23_L2.9-W1.3-P1.90-LS2.4-BR",41.3428,11.9648,180,top
"Q3","ME2306A","SOT-23_L2.9-W1.3-P1.90-LS2.4-BR",41.3396,15.3176,180,top
"R1","5.1k","R_1206_3216Metric_Pad1.30x1.75mm_HandSolder",15.93,22.01,90,top
"R2","5K1","R_0603_1608Metric_Pad0.98x0.95mm_HandSolder",4.28,22.76,0,top
"R3","5K1","R_0603_1608Metric_Pad0.98x0.95mm_HandSolder",4.255,21.21,0,top
"SW1","SW_Push","KEY-SMD_4P-L6.2-W6.5-P4.50-LS8.0_SKHMXX",7.9672,31.0148,-90,top
"U1","SPX3819M5-L-3-3_TR","SOT-23-5_L3.0-W1.7-P0.95-LS2.8-BR",43.6288,22.3788,-90,top
"U2","ESP32-WROOM-32","ESP32-WROOM-32",27.5252,20.4484,0,top
"U3","TMP100","SOT-23-6",7.7132,21.566,90,top
